species,order,family,reference,host plant,temperature,devdays,se,sd_devdays,stage,int_rate,int_rate_se,fecundity,fecundity_se,reprod_rate,generation_days,survival,mortality,finite_rate,sample_size,exp_approach,
Aphis citricidus,Homoptera,Aphididae,takanashi1989,amanatsu,20,11.3,0.5,,nymph,,,,,,,,,,20,lab,
Aphis citricidus,Homoptera,Aphididae,takanashi1989,amanatsu,20,12.7,0.7,,prereproductive,,,,,,,,,,20,lab,
Aphis citricidus,Homoptera,Aphididae,takanashi1989,amanatsu,20,23.5,7,,reproductive,,,,,,,,,,20,lab,
Aphis citricidus,Homoptera,Aphididae,takanashi1989,amanatsu,20,3.4,2.5,,postreproductive,,,,,,,,,,20,lab,
Aphis citricidus,Homoptera,Aphididae,takanashi1989,amanatsu,20,,,,total,0.176,,,,42.4,,,,,10,lab,
Aphis citricidus,Homoptera,Aphididae,takanashi1989,amanatsu,25,7.1,0.6,,nymph,,,,,,,,,,10,lab,
Aphis citricidus,Homoptera,Aphididae,takanashi1989,amanatsu,25,7.6,0.6,,prereproductive,,,,,,,,,,10,lab,
Aphis citricidus,Homoptera,Aphididae,takanashi1989,amanatsu,25,15.4,2.8,,reproductive,,,,,,,,,,10,lab,
Aphis citricidus,Homoptera,Aphididae,takanashi1989,amanatsu,25,1.5,1.6,,postreproductive,,,,,,,,,,10,lab,
Aphis citricidus,Homoptera,Aphididae,takanashi1989,amanatsu,25,,,,total,,,,,45.9,,,,,,lab,
Aphis citricidus,Homoptera,Aphididae,komazaki1982,unshu mikan,14.9,15.96,,,total,0.287,,,,53.16,21.65,98.2,,,,lab,
Aphis citricidus,Homoptera,Aphididae,komazaki1982,unshu mikan,20.1,8.1,,,total,0.182,,,,56.18,11.2,97.7,,,,lab,
Aphis citricidus,Homoptera,Aphididae,komazaki1982,unshu mikan,24.9,6.33,,,total,0.359,,,,62.65,8.9,93.1,,,,lab,
Aphis citricidus,Homoptera,Aphididae,komazaki1982,unshu mikan,27.6,6.19,,,total,0.463,,,,45.28,8.53,83.7,,,,lab,
Aphis citricidus,Homoptera,Aphididae,komazaki1982,unshu mikan,29.7,,,,total,0.445,,,,0,,0,,,,lab,
Aphis citricidus,Homoptera,Aphididae,komazaki1982,orange,11.3,34.65,,,total,0.073,,,,25.12,43.34,85.1,,,,lab,
Aphis citricidus,Homoptera,Aphididae,komazaki1982,orange,15.2,19.22,,,total,0.14,,,,44.43,27.08,85.7,,,,lab,
Aphis citricidus,Homoptera,Aphididae,komazaki1982,orange,19.9,12.87,,,total,0.195,,,,38.84,18.67,77.6,,,,lab,
Aphis citricidus,Homoptera,Aphididae,komazaki1982,orange,21.5,8.77,,,total,0.32,,,,51.12,12.28,90.7,,,,lab,
Aphis citricidus,Homoptera,Aphididae,komazaki1982,orange,25.1,7.66,,,total,0.317,,,,36.79,11.31,85.3,,,,lab,
Aphis citricidus,Homoptera,Aphididae,komazaki1982,orange,27.1,6.49,,,total,0.43,,,,36.66,9.16,89.6,,,,lab,
Aphis citricidus,Homoptera,Aphididae,komazaki1982,orange,29.9,7.37,,,total,0.162,,,,3.87,8.35,60,,,,lab,
Aphis citricidus,Homoptera,Aphididae,tang1999,orange,20,9,0.1,,nymph,,,,,,,,,,19,lab,
Aphis citricidus,Homoptera,Aphididae,tang1999,orange,25,7.5,0.1,,nymph,,,,,,,,,,30,lab,
Aphis citricidus,Homoptera,Aphididae,tang1999,orange,30,6.3,0.2,,nymph,,,,,,,,,,15,lab,
Aphis citricidus,Homoptera,Aphididae,tang1999,orange,20,9.8,0.2,,prereproductive,,,,,,,,,,19,lab,
Aphis citricidus,Homoptera,Aphididae,tang1999,orange,25,8.2,0.1,,prereproductive,,,,,,,,,,28,lab,
Aphis citricidus,Homoptera,Aphididae,tang1999,orange,30,7.1,0.21,,prereproductive,,,,,,,,,,15,lab,
Aphis citricidus,Homoptera,Aphididae,tang1999,orange,20,22.2,0.8,,reproductive,,,,,,,,,,19,lab,
Aphis citricidus,Homoptera,Aphididae,tang1999,orange,25,15.2,0.8,,reproductive,,,,,,,,,,28,lab,
Aphis citricidus,Homoptera,Aphididae,tang1999,orange,30,11.2,1,,reproductive,,,,,,,,,,15,lab,
Aphis citricidus,Homoptera,Aphididae,tang1999,orange,20,1.2,0.2,,postreproductive,,,,,,,,,,19,lab,
Aphis citricidus,Homoptera,Aphididae,tang1999,orange,25,0.8,0.1,,postreproductive,,,,,,,,,,28,lab,
Aphis citricidus,Homoptera,Aphididae,tang1999,orange,30,0.8,0.1,,postreproductive,,,,,,,,,,15,lab,
Aphis citricidus,Homoptera,Aphididae,tang1999,orange,20,24.2,0.9,,longevity,,,,,,,,,,19,lab,
Aphis citricidus,Homoptera,Aphididae,tang1999,orange,25,16.8,0.8,,longevity,,,,,,,,,,28,lab,
Aphis citricidus,Homoptera,Aphididae,tang1999,orange,30,13.1,1,,longevity,,,,,,,,,,15,lab,
Aphis citricidus,Homoptera,Aphididae,tang1999,orange,20,,,,total,0.28,,,,55.3,14.8,,,1.31,19,lab,
Aphis citricidus,Homoptera,Aphididae,tang1999,orange,25,,,,total,0.33,,,,42,11.2,,,1.39,28,lab,
Aphis citricidus,Homoptera,Aphididae,tang1999,orange,30,,,,total,0.32,,,,20.3,9.4,,,1.38,15,lab,
Aphis citricidus,Homoptera,Aphididae,phd_khan1979,orange,15,16.6,,,total,,,,,,,83.3,16.7,,24,lab,
Aphis citricidus,Homoptera,Aphididae,phd_khan1979,orange,20,10,,,total,,,,,,,75,25,,24,lab,
Aphis citricidus,Homoptera,Aphididae,phd_khan1979,orange,25,629,,,total,,,,,,,70.8,29.2,,24,lab,
Aphis citricidus,Homoptera,Aphididae,phd_khan1979,orange_field,12.4,23.7,,,total,0.06,,,,,,73.3,26.7,,30,field,
Aphis citricidus,Homoptera,Aphididae,phd_khan1979,orange_field,12.9,22.6,,,total,0.095,,,,,,76.7,23.3,,30,field,
Aphis citricidus,Homoptera,Aphididae,phd_khan1979,orange_field,14.4,17.9,,,total,0.075,,,,,,73.3,26.7,,30,field,
Aphis citricidus,Homoptera,Aphididae,phd_khan1979,orange_field,15.2,15.6,,,total,0.15,,,,,,83.3,16.7,,30,field,
Aphis citricidus,Homoptera,Aphididae,phd_khan1979,orange_field,15.7,15.3,,,total,0.134,,,,,,84,16,,25,field,
Aphis citricidus,Homoptera,Aphididae,phd_khan1979,orange_field,16.5,12.4,,,total,0.18,,,,,,76.7,23.3,,30,field,
Aphis citricidus,Homoptera,Aphididae,phd_khan1979,orange_field,17.9,11.8,,,total,0.224,,,,,,88,12,,25,field,
Aphis citricidus,Homoptera,Aphididae,phd_khan1979,orange_field,23.3,8.4,,,total,0.177,,,,,,30,70,,30,field,
Aphis citricidus,Homoptera,Aphididae,phd_khan1979,orange_field,24,8.2,,,total,,,,,,,40,60,,30,field,
Aphis citricidus,Homoptera,Aphididae,phd_khan1979,orange_field,25.1,7.6,,,total,0.137,,,,,,20,80,,25,field,
Aphis citricidus,Homoptera,Aphididae,phd_khan1979,orange_field,28.2,7.5,,,total,0.026,,,,,,6.7,93.3,,30,field,
Aphis citricidus,Homoptera,Aphididae,tsai1999,pomelo,8,63.1,0.87,,nymph,,,,,,,87.69,,,51,lab,
Aphis citricidus,Homoptera,Aphididae,tsai1999,pomelo,10,34.1,0.43,,nymph,,,,,,,90,,,44,lab,
Aphis citricidus,Homoptera,Aphididae,tsai1999,pomelo,15,15.6,0.31,,nymph,,,,,,,81.25,,,35,lab,
Aphis citricidus,Homoptera,Aphididae,tsai1999,pomelo,20,9.1,0.23,,nymph,,,,,,,84.38,,,26,lab,
Aphis citricidus,Homoptera,Aphididae,tsai1999,pomelo,25,6,0.11,,nymph,,,,,,,91.65,,,26,lab,
Aphis citricidus,Homoptera,Aphididae,tsai1999,pomelo,28,5.7,0.12,,nymph,,,,,,,96.97,,,31,lab,
Aphis citricidus,Homoptera,Aphididae,tsai1999,pomelo,30,5.5,0.08,,nymph,,,,,,,86.57,,,60,lab,
Aphis citricidus,Homoptera,Aphididae,tsai1999,pomelo,32,6.5,0.14,,nymph,,,,,,,29.09,,,25,lab,
Aphis citricidus,Homoptera,Aphididae,tsai1999,pomelo,8,,,,total,0.0588,0.006,22.4,1.86,20.13,51.03,,,,43,lab,
Aphis citricidus,Homoptera,Aphididae,tsai1999,pomelo,15,,,,total,0.1374,0.003,40.8,2.65,33.13,25.48,,,,35,lab,
Aphis citricidus,Homoptera,Aphididae,tsai1999,pomelo,20,,,,total,0.2304,0.006,52.5,3.86,44.32,16245,,,,23,lab,
Aphis citricidus,Homoptera,Aphididae,tsai1999,pomelo,25,,,,total,0.3408,0.007,44.8,3.22,41.08,10.9,,,,32,lab,
Aphis citricidus,Homoptera,Aphididae,tsai1999,pomelo,28,,,,total,0.3765,0.004,45.8,1.95,44.36,10.07,,,,32,lab,
Aphis citricidus,Homoptera,Aphididae,tsai1999,pomelo,30,,,,total,0.3492,0.004,22.3,0.95,19.33,8.48,,,,28,lab,
Aphis citricidus,Homoptera,Aphididae,tsai1999,pomelo,32,,,,total,0.096,0.006,7.48,0.36,2.18,8.1,,,,31,lab,
Thaumatotibia leucotreta,Lepidoptera,Tortricidae,daiber1979a,artificial,10,,,,eggs,,,,,,,,,,132,lab,
Thaumatotibia leucotreta,Lepidoptera,Tortricidae,daiber1979a,artificial,15,19.5,0.2,,eggs,,,,,,,,,,90,lab,
Thaumatotibia leucotreta,Lepidoptera,Tortricidae,daiber1979a,artificial,20,9.8,0.1,,eggs,,,,,,,,,,90,lab,
Thaumatotibia leucotreta,Lepidoptera,Tortricidae,daiber1979a,artificial,25,5.1,0.04,,eggs,,,,,,,,,,90,lab,
Thaumatotibia leucotreta,Lepidoptera,Tortricidae,daiber1979a,artificial_insectarium,8.6,,,,eggs,,,,,,,,,,80,insectarium,
Thaumatotibia leucotreta,Lepidoptera,Tortricidae,daiber1979a,artificial_insectarium,9.5,,,,eggs,,,,,,,,,,80,insectarium,
Thaumatotibia leucotreta,Lepidoptera,Tortricidae,daiber1979a,artificial_insectarium,10.5,,,,eggs,,,,,,,,,,80,insectarium,
Thaumatotibia leucotreta,Lepidoptera,Tortricidae,daiber1979a,artificial_insectarium,10.9,22.1,,,eggs,,,,,,,,,,80,insectarium,
Thaumatotibia leucotreta,Lepidoptera,Tortricidae,daiber1979a,artificial_insectarium,11.4,22,,,eggs,,,,,,,,,,80,insectarium,
Thaumatotibia leucotreta,Lepidoptera,Tortricidae,daiber1979a,artificial_insectarium,13.2,16.8,,,eggs,,,,,,,,,,80,insectarium,
Thaumatotibia leucotreta,Lepidoptera,Tortricidae,daiber1979a,artificial_insectarium,13.8,15,,,eggs,,,,,,,,,,80,insectarium,
Thaumatotibia leucotreta,Lepidoptera,Tortricidae,daiber1979a,artificial_insectarium,14.8,14,,,eggs,,,,,,,,,,80,insectarium,
Thaumatotibia leucotreta,Lepidoptera,Tortricidae,daiber1979a,artificial_insectarium,15.2,14,,,eggs,,,,,,,,,,80,insectarium,
Thaumatotibia leucotreta,Lepidoptera,Tortricidae,daiber1979a,artificial_insectarium,15.4,15.7,,,eggs,,,,,,,,,,80,insectarium,
Thaumatotibia leucotreta,Lepidoptera,Tortricidae,daiber1979a,artificial_insectarium,17.4,1123,,,eggs,,,,,,,,,,80,insectarium,
Thaumatotibia leucotreta,Lepidoptera,Tortricidae,daiber1979a,artificial_insectarium,19.1,8.3,,,eggs,,,,,,,,,,80,insectarium,
Thaumatotibia leucotreta,Lepidoptera,Tortricidae,daiber1979a,artificial_insectarium,19.4,7.6,,,eggs,,,,,,,,,,80,insectarium,
Thaumatotibia leucotreta,Lepidoptera,Tortricidae,daiber1979a,artificial_insectarium,20.3,6.8,,,eggs,,,,,,,,,,80,insectarium,
Thaumatotibia leucotreta,Lepidoptera,Tortricidae,daiber1979a,artificial_insectarium,21.8,5.9,,,eggs,,,,,,,,,,80,insectarium,
Thaumatotibia leucotreta,Lepidoptera,Tortricidae,daiber1979a,artificial_insectarium,22.1,6,,,eggs,,,,,,,,,,80,insectarium,
Thaumatotibia leucotreta,Lepidoptera,Tortricidae,daiber1979a,artificial_insectarium,22.7,5.5,,,eggs,,,,,,,,,,80,insectarium,
Thaumatotibia leucotreta,Lepidoptera,Tortricidae,daiber1979b,artificial_insectarium,23.1,5.5,,,eggs,,,,,,,,,,80,insectarium,
Thaumatotibia leucotreta,Lepidoptera,Tortricidae,daiber1979b,artificial,10,,,,larvae,,,,,,,,,,100,lab,
Thaumatotibia leucotreta,Lepidoptera,Tortricidae,daiber1979b,artificial,15,45.6,0.2,,larvae,,,,,,,,,,100,lab,
Thaumatotibia leucotreta,Lepidoptera,Tortricidae,daiber1979b,artificial,20,18.8,0.1,,larvae,,,,,,,,,,100,lab,
Thaumatotibia leucotreta,Lepidoptera,Tortricidae,daiber1979b,artificial,25,11.6,0.1,,larvae,,,,,,,,,,100,lab,
Thaumatotibia leucotreta,Lepidoptera,Tortricidae,daiber1979c,artificial,10,26.9,0.7,,prepupae,,,,,,,,,,160,lab,
Thaumatotibia leucotreta,Lepidoptera,Tortricidae,daiber1979c,artificial,15,13.4,0.2,,prepupae,,,,,,,,,,160,lab,
Thaumatotibia leucotreta,Lepidoptera,Tortricidae,daiber1979c,artificial,20,3.7,0.1,,prepupae,,,,,,,,,,160,lab,
Thaumatotibia leucotreta,Lepidoptera,Tortricidae,daiber1979c,artificial,25,2.1,0.04,,prepupae,,,,,,,,,,160,lab,
Thaumatotibia leucotreta,Lepidoptera,Tortricidae,daiber1979c,artificial,10,,,,pupae,,,,,,,,,,160,lab,
Thaumatotibia leucotreta,Lepidoptera,Tortricidae,daiber1979c,artificial,15,50.7,0.7,,pupae,,,,,,,,,,160,lab,
Thaumatotibia leucotreta,Lepidoptera,Tortricidae,daiber1979c,artificial,20,22.3,0.2,,pupae,,,,,,,,,,160,lab,
Thaumatotibia leucotreta,Lepidoptera,Tortricidae,daiber1979c,artificial,25,12.9,0.2,,pupae,,,,,,,,,,160,lab,
Thaumatotibia leucotreta,Lepidoptera,Tortricidae,daiber1979c,artificial_insectarium,9.8,,,,pupae,,,,,,,,,,,insectarium,
Thaumatotibia leucotreta,Lepidoptera,Tortricidae,daiber1979c,artificial_insectarium,10.4,80.8,,,pupae,,,,,,,,,,,insectarium,
Thaumatotibia leucotreta,Lepidoptera,Tortricidae,daiber1979c,artificial_insectarium,10.9,72,,,pupae,,,,,,,,,,,insectarium,
Thaumatotibia leucotreta,Lepidoptera,Tortricidae,daiber1979c,artificial_insectarium,11,,,,pupae,,,,,,,,,,,insectarium,
Thaumatotibia leucotreta,Lepidoptera,Tortricidae,daiber1979c,artificial_insectarium,12,67.6,,,pupae,,,,,,,,,,,insectarium,
Thaumatotibia leucotreta,Lepidoptera,Tortricidae,daiber1979c,artificial_insectarium,12.7,54.1,,,pupae,,,,,,,,,,,insectarium,
Thaumatotibia leucotreta,Lepidoptera,Tortricidae,daiber1979c,artificial_insectarium,13.4,47.1,,,pupae,,,,,,,,,,,insectarium,
Thaumatotibia leucotreta,Lepidoptera,Tortricidae,daiber1979c,artificial_insectarium,14,38.7,,,pupae,,,,,,,,,,,insectarium,
Thaumatotibia leucotreta,Lepidoptera,Tortricidae,daiber1979c,artificial_insectarium,15,44.5,,,pupae,,,,,,,,,,,insectarium,
Thaumatotibia leucotreta,Lepidoptera,Tortricidae,daiber1979c,artificial_insectarium,15.6,36.6,,,pupae,,,,,,,,,,,insectarium,
Thaumatotibia leucotreta,Lepidoptera,Tortricidae,daiber1979c,artificial_insectarium,16.4,30.3,,,pupae,,,,,,,,,,,insectarium,
Thaumatotibia leucotreta,Lepidoptera,Tortricidae,daiber1979c,artificial_insectarium,17,38.6,,,pupae,,,,,,,,,,,insectarium,
Thaumatotibia leucotreta,Lepidoptera,Tortricidae,daiber1979c,artificial_insectarium,18,21.6,,,pupae,,,,,,,,,,,insectarium,
Thaumatotibia leucotreta,Lepidoptera,Tortricidae,daiber1979c,artificial_insectarium,19.8,21.8,,,pupae,,,,,,,,,,,insectarium,
Thaumatotibia leucotreta,Lepidoptera,Tortricidae,daiber1979c,artificial_insectarium,20.2,19.6,,,pupae,,,,,,,,,,,insectarium,
Thaumatotibia leucotreta,Lepidoptera,Tortricidae,daiber1979c,artificial_insectarium,21.3,15.2,,,pupae,,,,,,,,,,,insectarium,
Thaumatotibia leucotreta,Lepidoptera,Tortricidae,daiber1979c,artificial_insectarium,22.5,15.2,,,pupae,,,,,,,,,,,insectarium,
Thaumatotibia leucotreta,Lepidoptera,Tortricidae,daiber1979c,artificial_insectarium,23.4,14.4,,,pupae,,,,,,,,,,,insectarium,
Thaumatotibia leucotreta,Lepidoptera,Tortricidae,daiber1979c,artificial_insectarium,24.5,15.5,,,pupae,,,,,,,,,,,insectarium,
Thaumatotibia leucotreta,Lepidoptera,Tortricidae,daiber1979c,artificial_insectarium,25.2,13.9,,,pupae,,,,,,,,,,,insectarium,
Thaumatotibia leucotreta,Lepidoptera,Tortricidae,daiber1980,artificial,10,23,,,pupae,,,0.4,0.4,,,,,,15,lab,fecundityse is half_range
Thaumatotibia leucotreta,Lepidoptera,Tortricidae,daiber1980,artificial,15,26.5,2.6,,adults,,,86.9,20.5,,,,,,15,lab,fecundityse is half_range
Thaumatotibia leucotreta,Lepidoptera,Tortricidae,daiber1980,artificial,20,11.1,1.2,,adults,,,219,35.3,,,,,,15,lab,fecundityse is half_range
Thaumatotibia leucotreta,Lepidoptera,Tortricidae,daiber1980,artificial,25,6,0.5,,adults,,,456.1,46.2,,,,,,15,lab,fecundityse is half_range
Thaumatotibia leucotreta,Lepidoptera,Tortricidae,daiber1980,artificial_insectarium,9.3,12.7,2.1,,adults,,,0.1,0.1,,,,,,15,insectarium,fecundityse is half_range
Thaumatotibia leucotreta,Lepidoptera,Tortricidae,daiber1980,artificial_insectarium,12.3,13.9,1.6,,adults,,,76.2,23.7,,,,,,15,insectarium,fecundityse is half_range
Thaumatotibia leucotreta,Lepidoptera,Tortricidae,daiber1980,artificial_insectarium,15.4,25,3.2,,adults,,,218,34.9,,,,,,15,insectarium,fecundityse is half_range
Thaumatotibia leucotreta,Lepidoptera,Tortricidae,daiber1980,artificial_insectarium,16.5,11.1,1.4,,adults,,,257.2,32.3,,,,,,15,insectarium,fecundityse is half_range
Thaumatotibia leucotreta,Lepidoptera,Tortricidae,daiber1980,artificial_insectarium,18.1,14,1.8,,adults,,,232,73.7,,,,,,15,insectarium,fecundityse is half_range
Thaumatotibia leucotreta,Lepidoptera,Tortricidae,daiber1980,artificial_insectarium,20.8,6.8,0.7,,adults,,,210.4,48.2,,,,,,15,insectarium,fecundityse is half_range
Thaumatotibia leucotreta,Lepidoptera,Tortricidae,daiber1980,artificial_insectarium,21.7,8.5,1.3,,adults,,,168.6,32.2,,,,,,15,insectarium,fecundityse is half_range
Thaumatotibia leucotreta,Lepidoptera,Tortricidae,daiber1980,artificial_insectarium,22.5,11.6,1.6,,adults,,,362.9,64.3,,,,,,15,insectarium,fecundityse is half_range
Thaumatotibia leucotreta,Lepidoptera,Tortricidae,daiber1980,artificial_insectarium,22.5,16.2,2.2,,adults,,,376.4,53.3,,,,,,15,insectarium,fecundityse is half_range
Thaumatotibia leucotreta,Lepidoptera,Tortricidae,daiber1980,artificial_insectarium,24,13.7,1.9,,adults,,,460.2,69.2,,,,,,15,insectarium,fecundityse is half_range
Thaumatotibia leucotreta,Lepidoptera,Tortricidae,dejager2013,orange,25,,,,total,,,,,,,65,,,,lab,
Thaumatotibia leucotreta,Lepidoptera,Tortricidae,dejager2013,orange,25,12.42,0.53,,eggs,,,,,,,,,,20,lab,
Thaumatotibia leucotreta,Lepidoptera,Tortricidae,dejager2013,orange,25,31,2.03,,larvae,,,,,,,,,,20,lab,
Thaumatotibia leucotreta,Lepidoptera,Tortricidae,dejager2013,orange,25,11,,,pupae,,,,,,,,,,20,lab,
Thaumatotibia leucotreta,Lepidoptera,Tortricidae,dejager2013,orange,25,8.5,1.16,,adults,,,,,,,,,,20,lab,
Thaumatotibia leucotreta,Lepidoptera,Tortricidae,dejager2013,orange,25,40.92,1.09,,total,,,,,,,,,,20,lab,
Thaumatotibia leucotreta,Lepidoptera,Tortricidae,mkiga2019,orange,25,16.02,0.89,,adults,0.13,0.002,415,3.7,419.7,48.19,,,1.4,100,lab,devdays is female longevity
Thaumatotibia leucotreta,Lepidoptera,Tortricidae,mkiga2019,sweet pepper,25,16.21,0.71,,adults,0.12,0.003,341,5.37,348,48.9,,,1.13,100,lab,devdays is female longevity
Thaumatotibia leucotreta,Lepidoptera,Tortricidae,mkiga2019,chili pepper,25,15.9,0.82,,adults,0.12,0.001,364,3.53,371.5,48.42,,,1.12,100,lab,devdays is female longevity
Thaumatotibia leucotreta,Lepidoptera,Tortricidae,mkiga2019,orange,25,19.34,1.18,,larvae,,,,,,,,,,,lab,
Thaumatotibia leucotreta,Lepidoptera,Tortricidae,mkiga2019,sweet pepper,25,24.48,0.81,,larvae,,,,,,,,,,,lab,
Thaumatotibia leucotreta,Lepidoptera,Tortricidae,mkiga2019,orange,25,13.21,0.35,,pupae,,,,,,,,,,,lab,
Thaumatotibia leucotreta,Lepidoptera,Tortricidae,mkiga2019,sweet pepper,25,15.37,0.51,,pupae,,,,,,,,,,,lab,
Trioza erytreae,Homoptera,Psyllidae,moran1967,citrus,21,9.54,0.094,,eggs,,,,,,,,9,,127,lab,"treatment is roughly calculated (periods with plateau, etc) note that Cocuzza et al. (2017) consider the plateau as treatment temperature, which might lead to discordances with other literature. Thus, we use the half of the curve as a proxy"
Trioza erytreae,Homoptera,Psyllidae,moran1967,citrus,15,7.56,0.186,,nymph I,,,,,,,,9,,97,lab,"treatment is roughly calculated (periods with plateau, etc) note that Cocuzza et al. (2017) consider the plateau as treatment temperature, which might lead to discordances with other literature. Thus, we use the half of the curve as a proxy"
Trioza erytreae,Homoptera,Psyllidae,moran1967,citrus,15,4.37,0.179,,nymph II,,,,,,,,9,,78,lab,"treatment is roughly calculated (periods with plateau, etc) note that Cocuzza et al. (2017) consider the plateau as treatment temperature, which might lead to discordances with other literature. Thus, we use the half of the curve as a proxy"
Trioza erytreae,Homoptera,Psyllidae,moran1967,citrus,15,4.07,0.121,,nymph III,,,,,,,,9,,73,lab,"treatment is roughly calculated (periods with plateau, etc) note that Cocuzza et al. (2017) consider the plateau as treatment temperature, which might lead to discordances with other literature. Thus, we use the half of the curve as a proxy"
Trioza erytreae,Homoptera,Psyllidae,moran1967,citrus,15,4.39,0.111,,nymph IV,,,,,,,,9,,71,lab,"treatment is roughly calculated (periods with plateau, etc) note that Cocuzza et al. (2017) consider the plateau as treatment temperature, which might lead to discordances with other literature. Thus, we use the half of the curve as a proxy"
Trioza erytreae,Homoptera,Psyllidae,moran1967,citrus,15,7.32,0.176,,nymph V,,,,,,,,9,,68,lab,"treatment is roughly calculated (periods with plateau, etc) note that Cocuzza et al. (2017) consider the plateau as treatment temperature, which might lead to discordances with other literature. Thus, we use the half of the curve as a proxy"
Trioza erytreae,Homoptera,Psyllidae,moran1967,citrus,15,36.95,0.515,,total,,,,,,,,9,,67,lab,"treatment is roughly calculated (periods with plateau, etc) note that Cocuzza et al. (2017) consider the plateau as treatment temperature, which might lead to discordances with other literature. Thus, we use the half of the curve as a proxy"
Trioza erytreae,Homoptera,Psyllidae,moran1967,citrus,21,8.06,0.036,,eggs,,,,,,,,52,,129,lab,"treatment is roughly calculated (periods with plateau, etc) note that Cocuzza et al. (2017) consider the plateau as treatment temperature, which might lead to discordances with other literature. Thus, we use the half of the curve as a proxy"
Trioza erytreae,Homoptera,Psyllidae,moran1967,citrus,21,6.83,0.251,,nymph I,,,,,,,,52,,46,lab,"treatment is roughly calculated (periods with plateau, etc) note that Cocuzza et al. (2017) consider the plateau as treatment temperature, which might lead to discordances with other literature. Thus, we use the half of the curve as a proxy"
Trioza erytreae,Homoptera,Psyllidae,moran1967,citrus,21,3.91,0.233,,nymph II,,,,,,,,52,,34,lab,"treatment is roughly calculated (periods with plateau, etc) note that Cocuzza et al. (2017) consider the plateau as treatment temperature, which might lead to discordances with other literature. Thus, we use the half of the curve as a proxy"
Trioza erytreae,Homoptera,Psyllidae,moran1967,citrus,21,4.21,0.293,,nymph III,,,,,,,,52,,28,lab,"treatment is roughly calculated (periods with plateau, etc) note that Cocuzza et al. (2017) consider the plateau as treatment temperature, which might lead to discordances with other literature. Thus, we use the half of the curve as a proxy"
Trioza erytreae,Homoptera,Psyllidae,moran1967,citrus,21,3.8,0.129,,nymph IV,,,,,,,,52,,25,lab,"treatment is roughly calculated (periods with plateau, etc) note that Cocuzza et al. (2017) consider the plateau as treatment temperature, which might lead to discordances with other literature. Thus, we use the half of the curve as a proxy"
Trioza erytreae,Homoptera,Psyllidae,moran1967,citrus,21,6.32,0.297,,nymph V,,,,,,,,52,,19,lab,"treatment is roughly calculated (periods with plateau, etc); mortality has other Ns"
Trioza erytreae,Homoptera,Psyllidae,moran1967,citrus,21,31.53,0.509,,total,,,,,,,,52,,19,lab,"treatment is roughly calculated (periods with plateau, etc); mortality has other Ns"
Trioza erytreae,Homoptera,Psyllidae,moran1968,lemon,15,9.5,0.09,,eggs,,,,,,,,10.5,,60,lab,"treatment is roughly calculated (periods with plateau, etc); mortality has other Ns"
Trioza erytreae,Homoptera,Psyllidae,moran1968,lemon,15,7.6,0.19,,nymph I,,,,,,,,10.5,,60,lab,"treatment is roughly calculated (periods with plateau, etc); mortality has other Ns"
Trioza erytreae,Homoptera,Psyllidae,moran1968,lemon,15,4.4,0.18,,nymph II,,,,,,,,10.5,,60,lab,"treatment is roughly calculated (periods with plateau, etc); mortality has other Ns"
Trioza erytreae,Homoptera,Psyllidae,moran1968,lemon,15,4.1,0.12,,nymph III,,,,,,,,10.5,,60,lab,"treatment is roughly calculated (periods with plateau, etc); mortality has other Ns"
Trioza erytreae,Homoptera,Psyllidae,moran1968,lemon,15,4.4,0.11,,nymph IV,,,,,,,,10.5,,60,lab,"treatment is roughly calculated (periods with plateau, etc); mortality has other Ns"
Trioza erytreae,Homoptera,Psyllidae,moran1968,lemon,15,7.3,0.18,,nymph V,,,,,,,,10.5,,60,lab,"treatment is roughly calculated (periods with plateau, etc); mortality has other Ns"
Trioza erytreae,Homoptera,Psyllidae,moran1968,lemon,15,37,0.52,,total,,,,,,,,10.5,,60,lab,"treatment is roughly calculated (periods with plateau, etc); mortality has other Ns"
Trioza erytreae,Homoptera,Psyllidae,berg1992,citrus,20.75,5.1,0.1,,nymph I,,,,,,,66.1,33.9,,22,lab,
Trioza erytreae,Homoptera,Psyllidae,berg1992,citrus,20.75,2.4,0.1,,nymph II,,,,,,,88.7,11.3,,22,lab,
Trioza erytreae,Homoptera,Psyllidae,berg1992,citrus,20.75,2.7,0.1,,nymph III,,,,,,,90.4,9.6,,22,lab,
Trioza erytreae,Homoptera,Psyllidae,berg1992,citrus,20.75,3.6,0.1,,nymph IV,,,,,,,100,0,,22,lab,
Trioza erytreae,Homoptera,Psyllidae,berg1992,citrus,20.75,6.1,0.1,,nymph V,,,,,,,92.2,7.8,,22,lab,
Trioza erytreae,Homoptera,Psyllidae,berg1992,citrus,20.75,19.9,0.1,,total,,,,,,,56.4,43.6,,22,lab,
Trioza erytreae,Homoptera,Psyllidae,aidoo2022,lemon,15,13.57,,0.07,eggs,,,,,,,97.4,2.6,,124,lab,
Trioza erytreae,Homoptera,Psyllidae,aidoo2022,lemon,18,10.18,,0.09,eggs,,,,,,,91.7,8.3,,124,lab,
Trioza erytreae,Homoptera,Psyllidae,aidoo2022,lemon,20,8.25,,0.05,eggs,,,,,,,79.5,20.5,,125,lab,
Trioza erytreae,Homoptera,Psyllidae,aidoo2022,lemon,22,6.77,,0.06,eggs,,,,,,,69.2,30.8,,129,lab,
Trioza erytreae,Homoptera,Psyllidae,aidoo2022,lemon,24,5.27,,0.06,eggs,,,,,,,81.8,18.2,,104,lab,
Trioza erytreae,Homoptera,Psyllidae,aidoo2022,lemon,15,9.64,,0.2,nymph I,,,,,,,84.2,15.8,,39,lab,
Trioza erytreae,Homoptera,Psyllidae,aidoo2022,lemon,18,3.61,,0.12,nymph I,,,,,,,92,8,,38,lab,
Trioza erytreae,Homoptera,Psyllidae,aidoo2022,lemon,20,2.24,,0.08,nymph I,,,,,,,92,8,,36,lab,
Trioza erytreae,Homoptera,Psyllidae,aidoo2022,lemon,22,3.03,,0.03,nymph I,,,,,,,88.9,11.1,,39,lab,
Trioza erytreae,Homoptera,Psyllidae,aidoo2022,lemon,24,3,,0.001,nymph I,,,,,,,83.1,16.9,,39,lab,
Trioza erytreae,Homoptera,Psyllidae,aidoo2022,lemon,15,8.22,,0.27,nymph II,,,,,,,95.2,4.8,,22,lab,
Trioza erytreae,Homoptera,Psyllidae,aidoo2022,lemon,18,3.19,,0.13,nymph II,,,,,,,96.7,3.3,,25,lab,
Trioza erytreae,Homoptera,Psyllidae,aidoo2022,lemon,20,2,,0.001,nymph II,,,,,,,91.3,8.7,,25,lab,
Trioza erytreae,Homoptera,Psyllidae,aidoo2022,lemon,22,2.52,,0.11,nymph II,,,,,,,95.8,4.2,,25,lab,
Trioza erytreae,Homoptera,Psyllidae,aidoo2022,lemon,24,2.04,,0.04,nymph II,,,,,,,68.8,31.2,,27,lab,
Trioza erytreae,Homoptera,Psyllidae,aidoo2022,lemon,15,10.29,,0.24,nymph III,,,,,,,95,5,,18,lab,
Trioza erytreae,Homoptera,Psyllidae,aidoo2022,lemon,18,3,,0.001,nymph III,,,,,,,89.9,10.1,,21,lab,
Trioza erytreae,Homoptera,Psyllidae,aidoo2022,lemon,20,2.28,,0.09,nymph III,,,,,,,95.2,4.8,,30,lab,
Trioza erytreae,Homoptera,Psyllidae,aidoo2022,lemon,22,3,,0.001,nymph III,,,,,,,100,0,,23,lab,
Trioza erytreae,Homoptera,Psyllidae,aidoo2022,lemon,24,2,,0.001,nymph III,,,,,,,82,18,,24,lab,
Trioza erytreae,Homoptera,Psyllidae,aidoo2022,lemon,15,6.73,,0.38,nymph IV,,,,,,,94.7,5.3,,16,lab,
Trioza erytreae,Homoptera,Psyllidae,aidoo2022,lemon,18,4.4,,0.21,nymph IV,,,,,,,100,0,,20,lab,
Trioza erytreae,Homoptera,Psyllidae,aidoo2022,lemon,20,3.77,,0.08,nymph IV,,,,,,,95.2,4.8,,29,lab,
Trioza erytreae,Homoptera,Psyllidae,aidoo2022,lemon,22,3.65,,0.11,nymph IV,,,,,,,95.7,4.3,,21,lab,
Trioza erytreae,Homoptera,Psyllidae,aidoo2022,lemon,24,3.91,,0.06,nymph IV,,,,,,,,,,23,lab,
Trioza erytreae,Homoptera,Psyllidae,aidoo2022,lemon,15,7.78,,0.15,nymph V,,,,,,,,,,11,lab,
Trioza erytreae,Homoptera,Psyllidae,aidoo2022,lemon,18,4.61,,0.12,nymph V,,,,,,,,,,19,lab,
Trioza erytreae,Homoptera,Psyllidae,aidoo2022,lemon,20,3.4,,0.1,nymph V,,,,,,,,,,25,lab,
Trioza erytreae,Homoptera,Psyllidae,aidoo2022,lemon,22,4.25,,0.09,nymph V,,,,,,,,,,21,lab,
Diaphorina citri,Hemiptera,Liviidae,nakata2006,orange jasmin,15,15.1,0.1,,nymph I,,,,,,,,0,,30,lab,
Diaphorina citri,Hemiptera,Liviidae,nakata2006,orange jasmin,17.5,7.3,0.2,,nymph I,,,,,,,,0,,30,lab,
Diaphorina citri,Hemiptera,Liviidae,nakata2006,orange jasmin,20,4.7,0.1,,nymph I,,,,,,,,0,,30,lab,
Diaphorina citri,Hemiptera,Liviidae,nakata2006,orange jasmin,22.5,3.1,0.1,,nymph I,,,,,,,,0,,30,lab,
Diaphorina citri,Hemiptera,Liviidae,nakata2006,orange jasmin,25,2.3,0.1,,nymph I,,,,,,,,0,,30,lab,
Diaphorina citri,Hemiptera,Liviidae,nakata2006,orange jasmin,27.5,2.4,0.1,,nymph I,,,,,,,,0,,30,lab,
Diaphorina citri,Hemiptera,Liviidae,nakata2006,orange jasmin,30,2,0.01,,nymph I,,,,,,,,0,,30,lab,
Diaphorina citri,Hemiptera,Liviidae,nakata2006,orange jasmin,32.5,2.3,0.1,,nymph I,,,,,,,,0,,30,lab,
Diaphorina citri,Hemiptera,Liviidae,nakata2006,orange jasmin,15,10.7,0.1,,nymph II,,,,,,,,0,,30,lab,
Diaphorina citri,Hemiptera,Liviidae,nakata2006,orange jasmin,17.5,4.6,0.2,,nymph II,,,,,,,,0,,30,lab,
Diaphorina citri,Hemiptera,Liviidae,nakata2006,orange jasmin,20,2.7,0.1,,nymph II,,,,,,,,0,,30,lab,
Diaphorina citri,Hemiptera,Liviidae,nakata2006,orange jasmin,22.5,2.6,0.1,,nymph II,,,,,,,,0,,30,lab,
Diaphorina citri,Hemiptera,Liviidae,nakata2006,orange jasmin,25,2.1,0.1,,nymph II,,,,,,,,0,,30,lab,
Diaphorina citri,Hemiptera,Liviidae,nakata2006,orange jasmin,27.5,1.6,0.1,,nymph II,,,,,,,,0,,30,lab,
Diaphorina citri,Hemiptera,Liviidae,nakata2006,orange jasmin,30,1.2,0.1,,nymph II,,,,,,,,0,,30,lab,
Diaphorina citri,Hemiptera,Liviidae,nakata2006,orange jasmin,32.5,2.3,0.1,,nymph II,,,,,,,,0,,30,lab,
Diaphorina citri,Hemiptera,Liviidae,nakata2006,orange jasmin,15,10.8,0.1,,nymph III,,,,,,,,0,,30,lab,
Diaphorina citri,Hemiptera,Liviidae,nakata2006,orange jasmin,17.5,5.4,0.1,,nymph III,,,,,,,,0,,30,lab,
Diaphorina citri,Hemiptera,Liviidae,nakata2006,orange jasmin,20,2.9,0.1,,nymph III,,,,,,,,0,,30,lab,
Diaphorina citri,Hemiptera,Liviidae,nakata2006,orange jasmin,22.5,2.3,0.1,,nymph III,,,,,,,,0,,30,lab,
Diaphorina citri,Hemiptera,Liviidae,nakata2006,orange jasmin,25,2,0.01,,nymph III,,,,,,,,0,,30,lab,
Diaphorina citri,Hemiptera,Liviidae,nakata2006,orange jasmin,27.5,2,0.01,,nymph III,,,,,,,,0,,30,lab,
Diaphorina citri,Hemiptera,Liviidae,nakata2006,orange jasmin,30,1.7,0.1,,nymph III,,,,,,,,0,,30,lab,
Diaphorina citri,Hemiptera,Liviidae,nakata2006,orange jasmin,32.5,3.6,0.3,,nymph III,,,,,,,,26.7,,30,lab,
Diaphorina citri,Hemiptera,Liviidae,nakata2006,orange jasmin,15,12.4,0.1,,nymph IV,,,,,,,,0,,30,lab,
Diaphorina citri,Hemiptera,Liviidae,nakata2006,orange jasmin,17.5,7,0.2,,nymph IV,,,,,,,,0,,30,lab,
Diaphorina citri,Hemiptera,Liviidae,nakata2006,orange jasmin,20,4.3,0.1,,nymph IV,,,,,,,,0,,30,lab,
Diaphorina citri,Hemiptera,Liviidae,nakata2006,orange jasmin,22.5,2.9,0.1,,nymph IV,,,,,,,,0,,30,lab,
Diaphorina citri,Hemiptera,Liviidae,nakata2006,orange jasmin,25,2.1,0.1,,nymph IV,,,,,,,,0,,30,lab,
Diaphorina citri,Hemiptera,Liviidae,nakata2006,orange jasmin,27.5,2,0.01,,nymph IV,,,,,,,,0,,30,lab,
Diaphorina citri,Hemiptera,Liviidae,nakata2006,orange jasmin,30,2.2,0.1,,nymph IV,,,,,,,,0,,30,lab,
Diaphorina citri,Hemiptera,Liviidae,nakata2006,orange jasmin,32.5,5,0.4,,nymph IV,,,,,,,,43.3,,30,lab,
Diaphorina citri,Hemiptera,Liviidae,nakata2006,orange jasmin,15,,,,nymph V,,,,,,,,100,,30,lab,
Diaphorina citri,Hemiptera,Liviidae,nakata2006,orange jasmin,17.5,12,0.3,,nymph V,,,,,,,,0,,30,lab,
Diaphorina citri,Hemiptera,Liviidae,nakata2006,orange jasmin,20,7.4,0.1,,nymph V,,,,,,,,0,,30,lab,
Diaphorina citri,Hemiptera,Liviidae,nakata2006,orange jasmin,22.5,5.8,0.1,,nymph V,,,,,,,,0,,30,lab,
Diaphorina citri,Hemiptera,Liviidae,nakata2006,orange jasmin,25,4.5,0.1,,nymph V,,,,,,,,0,,30,lab,
Diaphorina citri,Hemiptera,Liviidae,nakata2006,orange jasmin,27.5,3.9,0.1,,nymph V,,,,,,,,0,,30,lab,
Diaphorina citri,Hemiptera,Liviidae,nakata2006,orange jasmin,30,3.6,0.1,,nymph V,,,,,,,,0,,30,lab,
Diaphorina citri,Hemiptera,Liviidae,nakata2006,orange jasmin,32.5,5.6,0.8,,nymph V,,,,,,,,83.3,,30,lab,
Diaphorina citri,Hemiptera,Liviidae,nakata2006,orange jasmin,15,15,0.1,,eggs,,,,,,,,0,,30,lab,
Diaphorina citri,Hemiptera,Liviidae,nakata2006,orange jasmin,17.5,10.3,0.1,,eggs,,,,,,,,0,,30,lab,
Diaphorina citri,Hemiptera,Liviidae,nakata2006,orange jasmin,20,7.5,0.01,,eggs,,,,,,,,0,,30,lab,
Diaphorina citri,Hemiptera,Liviidae,nakata2006,orange jasmin,22.5,5.5,0.01,,eggs,,,,,,,,0,,30,lab,
Diaphorina citri,Hemiptera,Liviidae,nakata2006,orange jasmin,25,4.5,0.01,,eggs,,,,,,,,0,,30,lab,
Diaphorina citri,Hemiptera,Liviidae,nakata2006,orange jasmin,27.5,3.5,0.01,,eggs,,,,,,,,0,,30,lab,
Diaphorina citri,Hemiptera,Liviidae,nakata2006,orange jasmin,30,2.7,0.1,,eggs,,,,,,,,0,,30,lab,
Diaphorina citri,Hemiptera,Liviidae,nakata2006,orange jasmin,32.5,2.5,0.01,,eggs,,,,,,,,0,,30,lab,
Diaphorina citri,Hemiptera,Liviidae,nakata2006,orange jasmin,15,,,,nymphs_all,,,,,,,,100,,30,lab,
Diaphorina citri,Hemiptera,Liviidae,nakata2006,orange jasmin,17.5,36.3,0.9,,nymphs_all,,,,,,,,0,,30,lab,
Diaphorina citri,Hemiptera,Liviidae,nakata2006,orange jasmin,20,21.9,0.3,,nymphs_all,,,,,,,,0,,30,lab,
Diaphorina citri,Hemiptera,Liviidae,nakata2006,orange jasmin,22.5,16.8,0.2,,nymphs_all,,,,,,,,0,,30,lab,
Diaphorina citri,Hemiptera,Liviidae,nakata2006,orange jasmin,25,13,0.1,,nymphs_all,,,,,,,,0,,30,lab,
Diaphorina citri,Hemiptera,Liviidae,nakata2006,orange jasmin,27.5,11.9,0.1,,nymphs_all,,,,,,,,0,,30,lab,
Diaphorina citri,Hemiptera,Liviidae,nakata2006,orange jasmin,30,10.7,0.1,,nymphs_all,,,,,,,,0,,30,lab,
Diaphorina citri,Hemiptera,Liviidae,nakata2006,orange jasmin,32.5,16.8,1.2,,nymphs_all,,,,,,,,83.3,,30,lab,
Diaphorina citri,Hemiptera,Liviidae,nakata2006,orange jasmin,15,,,,total,,,,,,,,100,,30,lab,
Diaphorina citri,Hemiptera,Liviidae,nakata2006,orange jasmin,17.5,46.6,0.9,,total,,,,,,,,0,,30,lab,
Diaphorina citri,Hemiptera,Liviidae,nakata2006,orange jasmin,20,29.5,0.3,,total,,,,,,,,0,,30,lab,
Diaphorina citri,Hemiptera,Liviidae,nakata2006,orange jasmin,22.5,22.3,0.2,,total,,,,,,,,0,,30,lab,
Diaphorina citri,Hemiptera,Liviidae,nakata2006,orange jasmin,25,17.5,0.1,,total,,,,,,,,0,,30,lab,
Diaphorina citri,Hemiptera,Liviidae,nakata2006,orange jasmin,27.5,15.4,0.1,,total,,,,,,,,0,,30,lab,
Diaphorina citri,Hemiptera,Liviidae,nakata2006,orange jasmin,30,13.4,0.1,,total,,,,,,,,0,,30,lab,
Diaphorina citri,Hemiptera,Liviidae,nakata2006,orange jasmin,32.5,19.3,1.2,,total,,,,,,,,83.3,,30,lab,
Diaphorina citri,Hemiptera,Liviidae,liu2000,orange jasmin,15,9.74,0.23,,eggs,,,,,,,84.5,,,35,lab,
Diaphorina citri,Hemiptera,Liviidae,liu2000,orange jasmin,20,7.03,0.011,,eggs,,,,,,,89.4,,,33,lab,
Diaphorina citri,Hemiptera,Liviidae,liu2000,orange jasmin,25,4.15,0.07,,eggs,,,,,,,95.5,,,34,lab,
Diaphorina citri,Hemiptera,Liviidae,liu2000,orange jasmin,28,1.46,0.09,,eggs,,,,,,,96.2,,,35,lab,
Diaphorina citri,Hemiptera,Liviidae,liu2000,orange jasmin,30,3.29,0.06,,eggs,,,,,,,93.2,,,31,lab,
Diaphorina citri,Hemiptera,Liviidae,liu2000,orange jasmin,15,6.54,0.09,,nymph I,,,,,,,83.9,,,35,lab,
Diaphorina citri,Hemiptera,Liviidae,liu2000,orange jasmin,20,3.67,0.09,,nymph I,,,,,,,85.4,,,33,lab,
Diaphorina citri,Hemiptera,Liviidae,liu2000,orange jasmin,25,2,0.06,,nymph I,,,,,,,87.2,,,34,lab,
Diaphorina citri,Hemiptera,Liviidae,liu2000,orange jasmin,28,1.57,0.08,,nymph I,,,,,,,93.4,,,35,lab,
Diaphorina citri,Hemiptera,Liviidae,liu2000,orange jasmin,30,1.74,0.1,,nymph I,,,,,,,91.1,,,31,lab,
Diaphorina citri,Hemiptera,Liviidae,liu2000,orange jasmin,15,5.54,0.09,,nymph II,,,,,,,92.2,,,35,lab,
Diaphorina citri,Hemiptera,Liviidae,liu2000,orange jasmin,20,2.67,0.09,,nymph II,,,,,,,93.9,,,33,lab,
Diaphorina citri,Hemiptera,Liviidae,liu2000,orange jasmin,25,1.59,0.09,,nymph II,,,,,,,96.8,,,34,lab,
Diaphorina citri,Hemiptera,Liviidae,liu2000,orange jasmin,28,1.43,0.08,,nymph II,,,,,,,96.2,,,35,lab,
Diaphorina citri,Hemiptera,Liviidae,liu2000,orange jasmin,30,1.54,0.1,,nymph II,,,,,,,96,,,31,lab,
Diaphorina citri,Hemiptera,Liviidae,liu2000,orange jasmin,15,6.46,0.09,,nymph III,,,,,,,98.6,,,35,lab,
Diaphorina citri,Hemiptera,Liviidae,liu2000,orange jasmin,20,3.36,0.15,,nymph III,,,,,,,99.4,,,33,lab,
Diaphorina citri,Hemiptera,Liviidae,liu2000,orange jasmin,25,1.68,0.08,,nymph III,,,,,,,97,,,34,lab,
Diaphorina citri,Hemiptera,Liviidae,liu2000,orange jasmin,28,1.91,0.09,,nymph III,,,,,,,99.4,,,35,lab,
Diaphorina citri,Hemiptera,Liviidae,liu2000,orange jasmin,30,1.77,0.11,,nymph III,,,,,,,97.7,,,31,lab,
Diaphorina citri,Hemiptera,Liviidae,liu2000,orange jasmin,15,7.26,0.09,,nymph IV,,,,,,,99.5,,,35,lab,
Diaphorina citri,Hemiptera,Liviidae,liu2000,orange jasmin,20,5.09,0.15,,nymph IV,,,,,,,99.4,,,33,lab,
Diaphorina citri,Hemiptera,Liviidae,liu2000,orange jasmin,25,2.36,0.08,,nymph IV,,,,,,,99.4,,,34,lab,
Diaphorina citri,Hemiptera,Liviidae,liu2000,orange jasmin,28,2.29,0.08,,nymph IV,,,,,,,99.1,,,35,lab,
Diaphorina citri,Hemiptera,Liviidae,liu2000,orange jasmin,30,2.52,0.1,,nymph IV,,,,,,,96.1,,,31,lab,
Diaphorina citri,Hemiptera,Liviidae,liu2000,orange jasmin,15,13.8,0.11,,nymph V,,,,,,,96.5,,,35,lab,
Diaphorina citri,Hemiptera,Liviidae,liu2000,orange jasmin,20,6.97,0.17,,nymph V,,,,,,,98.7,,,33,lab,
Diaphorina citri,Hemiptera,Liviidae,liu2000,orange jasmin,25,5.21,0.1,,nymph V,,,,,,,97,,,34,lab,
Diaphorina citri,Hemiptera,Liviidae,liu2000,orange jasmin,28,3.4,0.09,,nymph V,,,,,,,98.7,,,35,lab,
Diaphorina citri,Hemiptera,Liviidae,liu2000,orange jasmin,30,5.42,0.16,,nymph V,,,,,,,96.5,,,31,lab,
Diaphorina citri,Hemiptera,Liviidae,liu2000,orange jasmin,15,39.6,0.26,,nymphs_all,,,,,,,,,,35,lab,
Diaphorina citri,Hemiptera,Liviidae,liu2000,orange jasmin,20,21.76,0.44,,nymphs_all,,,,,,,,,,33,lab,
Diaphorina citri,Hemiptera,Liviidae,liu2000,orange jasmin,25,12.82,0.17,,nymphs_all,,,,,,,,,,34,lab,
Diaphorina citri,Hemiptera,Liviidae,liu2000,orange jasmin,28,10.6,0.18,,nymphs_all,,,,,,,,,,35,lab,
Diaphorina citri,Hemiptera,Liviidae,liu2000,orange jasmin,30,13,0.29,,nymphs_all,,,,,,,,,,31,lab,
Diaphorina citri,Hemiptera,Liviidae,liu2000,orange jasmin,15,49.34,0.39,,total,0.036,0.003,,,63.8,116.8,61.9,,,35,lab,
Diaphorina citri,Hemiptera,Liviidae,liu2000,orange jasmin,20,28.79,0.46,,total,0.092,0.002,,,169.7,55.8,69.8,,,33,lab,
Diaphorina citri,Hemiptera,Liviidae,liu2000,orange jasmin,25,16.97,0.16,,total,0.162,0.002,,,245.6,33.9,75.4,,,34,lab,
Diaphorina citri,Hemiptera,Liviidae,liu2000,orange jasmin,28,14.06,0.21,,total,0.199,0.002,,,292.2,28.6,83.9,,,35,lab,
Diaphorina citri,Hemiptera,Liviidae,liu2000,orange jasmin,30,16.29,0.29,,total,0.13,0.003,,,123.8,37.2,73.7,,,31,lab,
Diaphorina citri,Hemiptera,Liviidae,chung2006,orange jasmin,16,10,0.19,,eggs,,,,,,,87,,,11,lab,
Diaphorina citri,Hemiptera,Liviidae,chung2006,orange jasmin,20,5.5,0.39,,eggs,,,,,,,91.9,,,38,lab,
Diaphorina citri,Hemiptera,Liviidae,chung2006,orange jasmin,24,4.2,0.13,,eggs,,,,,,,96.1,,,32,lab,
Diaphorina citri,Hemiptera,Liviidae,chung2006,orange jasmin,28,3.9,0.03,,eggs,,,,,,,94.7,,,63,lab,
Diaphorina citri,Hemiptera,Liviidae,chung2006,orange jasmin,32,3.4,0.08,,eggs,,,,,,,86.7,,,39,lab,
Diaphorina citri,Hemiptera,Liviidae,chung2006,mandarin,16,11,0.32,,eggs,,,,,,,93.3,,,15,lab,
Diaphorina citri,Hemiptera,Liviidae,chung2006,mandarin,20,5.9,0.05,,eggs,,,,,,,70.3,,,53,lab,
Diaphorina citri,Hemiptera,Liviidae,chung2006,mandarin,24,4.8,0.07,,eggs,,,,,,,92.9,,,39,lab,
Diaphorina citri,Hemiptera,Liviidae,chung2006,mandarin,28,3.1,0.06,,eggs,,,,,,,89.8,,,30,lab,
Diaphorina citri,Hemiptera,Liviidae,chung2006,mandarin,32,2.9,0.23,,eggs,,,,,,,75,,,12,lab,
Diaphorina citri,Hemiptera,Liviidae,chung2006,kumquat,16,12,0.26,,eggs,,,,,,,90.9,,,6,lab,
Diaphorina citri,Hemiptera,Liviidae,chung2006,kumquat,20,6.7,0.12,,eggs,,,,,,,88.7,,,35,lab,
Diaphorina citri,Hemiptera,Liviidae,chung2006,kumquat,24,4.4,0.09,,eggs,,,,,,,95.2,,,32,lab,
Diaphorina citri,Hemiptera,Liviidae,chung2006,kumquat,28,3.2,0.06,,eggs,,,,,,,98.7,,,42,lab,
Diaphorina citri,Hemiptera,Liviidae,chung2006,kumquat,32,2.8,0.06,,eggs,,,,,,,95.4,,,42,lab,
Diaphorina citri,Hemiptera,Liviidae,chung2006,orange jasmin,16,7.2,0.64,,nymph I,,,,,,,23.4,,,11,lab,
Diaphorina citri,Hemiptera,Liviidae,chung2006,orange jasmin,20,5.5,0.16,,nymph I,,,,,,,78.9,,,38,lab,
Diaphorina citri,Hemiptera,Liviidae,chung2006,orange jasmin,24,3.2,0.09,,nymph I,,,,,,,95.9,,,32,lab,
Diaphorina citri,Hemiptera,Liviidae,chung2006,orange jasmin,28,1.8,0.06,,nymph I,,,,,,,95.8,,,63,lab,
Diaphorina citri,Hemiptera,Liviidae,chung2006,orange jasmin,32,2.2,0.12,,nymph I,,,,,,,85.9,,,39,lab,
Diaphorina citri,Hemiptera,Liviidae,chung2006,mandarin,16,8.2,0.18,,nymph I,,,,,,,76.2,,,15,lab,
Diaphorina citri,Hemiptera,Liviidae,chung2006,mandarin,20,5.7,0.28,,nymph I,,,,,,,72.2,,,53,lab,
Diaphorina citri,Hemiptera,Liviidae,chung2006,mandarin,24,2.7,0.09,,nymph I,,,,,,,75,,,39,lab,
Diaphorina citri,Hemiptera,Liviidae,chung2006,mandarin,28,2.3,0.09,,nymph I,,,,,,,88.6,,,30,lab,
Diaphorina citri,Hemiptera,Liviidae,chung2006,mandarin,32,1.7,0.14,,nymph I,,,,,,,91.7,,,12,lab,
Diaphorina citri,Hemiptera,Liviidae,chung2006,kumquat,16,8,0.33,,nymph I,,,,,,,40,,,6,lab,
Diaphorina citri,Hemiptera,Liviidae,chung2006,kumquat,20,4,0.13,,nymph I,,,,,,,71.4,,,35,lab,
Diaphorina citri,Hemiptera,Liviidae,chung2006,kumquat,24,2.9,0.13,,nymph I,,,,,,,79.7,,,32,lab,
Diaphorina citri,Hemiptera,Liviidae,chung2006,kumquat,28,2.1,0.1,,nymph I,,,,,,,86.3,,,42,lab,
Diaphorina citri,Hemiptera,Liviidae,chung2006,kumquat,32,2,0.09,,nymph I,,,,,,,77.1,,,42,lab,
Diaphorina citri,Hemiptera,Liviidae,chung2006,orange jasmin,16,5.9,0.28,,nymph II,,,,,,,72.7,,,11,lab,
Diaphorina citri,Hemiptera,Liviidae,chung2006,orange jasmin,20,3.6,0.08,,nymph II,,,,,,,95.6,,,38,lab,
Diaphorina citri,Hemiptera,Liviidae,chung2006,orange jasmin,24,2.6,0.1,,nymph II,,,,,,,95.7,,,32,lab,
Diaphorina citri,Hemiptera,Liviidae,chung2006,orange jasmin,28,1.4,0.07,,nymph II,,,,,,,98.6,,,63,lab,
Diaphorina citri,Hemiptera,Liviidae,chung2006,orange jasmin,32,1.5,0.09,,nymph II,,,,,,,94,,,39,lab,
Diaphorina citri,Hemiptera,Liviidae,chung2006,mandarin,16,5.9,0.15,,nymph II,,,,,,,87.5,,,15,lab,
Diaphorina citri,Hemiptera,Liviidae,chung2006,mandarin,20,3.6,0.13,,nymph II,,,,,,,90.8,,,53,lab,
Diaphorina citri,Hemiptera,Liviidae,chung2006,mandarin,24,0.9,0.07,,nymph II,,,,,,,87.2,,,39,lab,
Diaphorina citri,Hemiptera,Liviidae,chung2006,mandarin,28,1.4,0.09,,nymph II,,,,,,,97.4,,,30,lab,
Diaphorina citri,Hemiptera,Liviidae,chung2006,mandarin,32,1.5,0.15,,nymph II,,,,,,,95.5,,,12,lab,
Diaphorina citri,Hemiptera,Liviidae,chung2006,kumquat,16,5,0.31,,nymph II,,,,,,,75,,,6,lab,
Diaphorina citri,Hemiptera,Liviidae,chung2006,kumquat,20,3.4,0.09,,nymph II,,,,,,,88.9,,,35,lab,
Diaphorina citri,Hemiptera,Liviidae,chung2006,kumquat,24,2,0.08,,nymph II,,,,,,,85.1,,,32,lab,
Diaphorina citri,Hemiptera,Liviidae,chung2006,kumquat,28,1.5,0.08,,nymph II,,,,,,,95.2,,,42,lab,
Diaphorina citri,Hemiptera,Liviidae,chung2006,kumquat,32,1.4,0.08,,nymph II,,,,,,,92.2,,,42,lab,
Diaphorina citri,Hemiptera,Liviidae,chung2006,orange jasmin,16,7.4,0.34,,nymph III,,,,,,,100,,,11,lab,
Diaphorina citri,Hemiptera,Liviidae,chung2006,orange jasmin,20,3.8,0.1,,nymph III,,,,,,,97.7,,,38,lab,
Diaphorina citri,Hemiptera,Liviidae,chung2006,orange jasmin,24,2.6,0.12,,nymph III,,,,,,,97.8,,,32,lab,
Diaphorina citri,Hemiptera,Liviidae,chung2006,orange jasmin,28,1.8,0.05,,nymph III,,,,,,,98.5,,,63,lab,
Diaphorina citri,Hemiptera,Liviidae,chung2006,orange jasmin,32,2,0.11,,nymph III,,,,,,,98.4,,,39,lab,
Diaphorina citri,Hemiptera,Liviidae,chung2006,mandarin,16,7.1,0.23,,nymph III,,,,,,,89.3,,,15,lab,
Diaphorina citri,Hemiptera,Liviidae,chung2006,mandarin,20,4,0.13,,nymph III,,,,,,,96.6,,,53,lab,
Diaphorina citri,Hemiptera,Liviidae,chung2006,mandarin,24,2.3,0.08,,nymph III,,,,,,,100,,,39,lab,
Diaphorina citri,Hemiptera,Liviidae,chung2006,mandarin,28,1.7,0.08,,nymph III,,,,,,,94.7,,,30,lab,
Diaphorina citri,Hemiptera,Liviidae,chung2006,mandarin,32,2,0.33,,nymph III,,,,,,,90.5,,,12,lab,
Diaphorina citri,Hemiptera,Liviidae,chung2006,kumquat,16,5.7,0.21,,nymph III,,,,,,,100,,,6,lab,
Diaphorina citri,Hemiptera,Liviidae,chung2006,kumquat,20,3.9,0.14,,nymph III,,,,,,,95,,,35,lab,
Diaphorina citri,Hemiptera,Liviidae,chung2006,kumquat,24,2.2,0.07,,nymph III,,,,,,,95,,,32,lab,
Diaphorina citri,Hemiptera,Liviidae,chung2006,kumquat,28,1.8,0.08,,nymph III,,,,,,,96.7,,,42,lab,
Diaphorina citri,Hemiptera,Liviidae,chung2006,kumquat,32,2.1,0.1,,nymph III,,,,,,,91.5,,,42,lab,
Diaphorina citri,Hemiptera,Liviidae,chung2006,orange jasmin,16,10,0.36,,nymph IV,,,,,,,87.5,,,11,lab,
Diaphorina citri,Hemiptera,Liviidae,chung2006,orange jasmin,20,4.7,0.12,,nymph IV,,,,,,,97.6,,,38,lab,
Diaphorina citri,Hemiptera,Liviidae,chung2006,orange jasmin,24,3.3,0.11,,nymph IV,,,,,,,97.7,,,32,lab,
Diaphorina citri,Hemiptera,Liviidae,chung2006,orange jasmin,28,2.3,0.07,,nymph IV,,,,,,,97,,,63,lab,
Diaphorina citri,Hemiptera,Liviidae,chung2006,orange jasmin,32,3.2,0.14,,nymph IV,,,,,,,93.5,,,39,lab,
Diaphorina citri,Hemiptera,Liviidae,chung2006,mandarin,16,9.5,0.32,,nymph IV,,,,,,,84,,,15,lab,
Diaphorina citri,Hemiptera,Liviidae,chung2006,mandarin,20,4.9,0.12,,nymph IV,,,,,,,100,,,53,lab,
Diaphorina citri,Hemiptera,Liviidae,chung2006,mandarin,24,2.8,0.12,,nymph IV,,,,,,,88.2,,,39,lab,
Diaphorina citri,Hemiptera,Liviidae,chung2006,mandarin,28,2.1,0.07,,nymph IV,,,,,,,91.7,,,30,lab,
Diaphorina citri,Hemiptera,Liviidae,chung2006,mandarin,32,8.4,1.61,,nymph IV,,,,,,,89.5,,,12,lab,
Diaphorina citri,Hemiptera,Liviidae,chung2006,kumquat,16,8,0.37,,nymph IV,,,,,,,77.8,,,6,lab,
Diaphorina citri,Hemiptera,Liviidae,chung2006,kumquat,20,4.8,0.14,,nymph IV,,,,,,,100,,,35,lab,
Diaphorina citri,Hemiptera,Liviidae,chung2006,kumquat,24,2.8,0.08,,nymph IV,,,,,,,92.1,,,32,lab,
Diaphorina citri,Hemiptera,Liviidae,chung2006,kumquat,28,2.1,0.06,,nymph IV,,,,,,,100,,,42,lab,
Diaphorina citri,Hemiptera,Liviidae,chung2006,kumquat,32,4,0.23,,nymph IV,,,,,,,96.3,,,42,lab,
Diaphorina citri,Hemiptera,Liviidae,chung2006,orange jasmin,16,16.2,0.67,,nymph V,,,,,,,71.4,,,11,lab,
Diaphorina citri,Hemiptera,Liviidae,chung2006,orange jasmin,20,8.5,0.22,,nymph V,,,,,,,95.1,,,38,lab,
Diaphorina citri,Hemiptera,Liviidae,chung2006,orange jasmin,24,5.8,0.13,,nymph V,,,,,,,90.7,,,32,lab,
Diaphorina citri,Hemiptera,Liviidae,chung2006,orange jasmin,28,4.2,0.09,,nymph V,,,,,,,96.9,,,63,lab,
Diaphorina citri,Hemiptera,Liviidae,chung2006,orange jasmin,32,5.7,0.24,,nymph V,,,,,,,93.1,,,39,lab,
Diaphorina citri,Hemiptera,Liviidae,chung2006,mandarin,16,18,0.48,,nymph V,,,,,,,81,,,15,lab,
Diaphorina citri,Hemiptera,Liviidae,chung2006,mandarin,20,10.6,0.56,,nymph V,,,,,,,94.7,,,53,lab,
Diaphorina citri,Hemiptera,Liviidae,chung2006,mandarin,24,6.5,0.27,,nymph V,,,,,,,100,,,39,lab,
Diaphorina citri,Hemiptera,Liviidae,chung2006,mandarin,28,4.5,0.14,,nymph V,,,,,,,93.9,,,30,lab,
Diaphorina citri,Hemiptera,Liviidae,chung2006,mandarin,32,7.2,1.59,,nymph V,,,,,,,64.7,,,12,lab,
Diaphorina citri,Hemiptera,Liviidae,chung2006,kumquat,16,18,0.73,,nymph V,,,,,,,85.7,,,6,lab,
Diaphorina citri,Hemiptera,Liviidae,chung2006,kumquat,20,8.3,0.19,,nymph V,,,,,,,94.7,,,35,lab,
Diaphorina citri,Hemiptera,Liviidae,chung2006,kumquat,24,5.3,0.15,,nymph V,,,,,,,97.1,,,32,lab,
Diaphorina citri,Hemiptera,Liviidae,chung2006,kumquat,28,3.9,0.1,,nymph V,,,,,,,98.36,,,42,lab,
Diaphorina citri,Hemiptera,Liviidae,chung2006,kumquat,32,5.5,0.2,,nymph V,,,,,,,88.5,,,42,lab,
Diaphorina citri,Hemiptera,Liviidae,chung2006,orange jasmin,16,46.6,1.47,,nymphs_all,,,,,,,,,,11,lab,
Diaphorina citri,Hemiptera,Liviidae,chung2006,orange jasmin,20,26.1,0.43,,nymphs_all,,,,,,,,,,38,lab,
Diaphorina citri,Hemiptera,Liviidae,chung2006,orange jasmin,24,17.5,0.35,,nymphs_all,,,,,,,,,,32,lab,
Diaphorina citri,Hemiptera,Liviidae,chung2006,orange jasmin,28,11.5,0.15,,nymphs_all,,,,,,,,,,63,lab,
Diaphorina citri,Hemiptera,Liviidae,chung2006,orange jasmin,32,14.6,0.36,,nymphs_all,,,,,,,,,,39,lab,
Diaphorina citri,Hemiptera,Liviidae,chung2006,mandarin,16,49,0.9,,nymphs_all,,,,,,,,,,15,lab,
Diaphorina citri,Hemiptera,Liviidae,chung2006,mandarin,20,28.7,0.71,,nymphs_all,,,,,,,,,,53,lab,
Diaphorina citri,Hemiptera,Liviidae,chung2006,mandarin,24,16.3,0.37,,nymphs_all,,,,,,,,,,39,lab,
Diaphorina citri,Hemiptera,Liviidae,chung2006,mandarin,28,11.9,0.16,,nymphs_all,,,,,,,,,,30,lab,
Diaphorina citri,Hemiptera,Liviidae,chung2006,mandarin,32,20.8,1.97,,nymphs_all,,,,,,,,,,12,lab,
Diaphorina citri,Hemiptera,Liviidae,chung2006,kumquat,16,44.5,0.9,,nymphs_all,,,,,,,,,,6,lab,
Diaphorina citri,Hemiptera,Liviidae,chung2006,kumquat,20,24.5,0.43,,nymphs_all,,,,,,,,,,35,lab,
Diaphorina citri,Hemiptera,Liviidae,chung2006,kumquat,24,15.2,0.26,,nymphs_all,,,,,,,,,,32,lab,
Diaphorina citri,Hemiptera,Liviidae,chung2006,kumquat,28,11.4,0.22,,nymphs_all,,,,,,,,,,42,lab,
Diaphorina citri,Hemiptera,Liviidae,chung2006,kumquat,32,15,0.44,,nymphs_all,,,,,,,,,,42,lab,
Diaphorina citri,Hemiptera,Liviidae,chung2006,orange jasmin,16,56.6,1.49,,total,,,,,,,9.3,,,11,lab,
Diaphorina citri,Hemiptera,Liviidae,chung2006,orange jasmin,20,31.7,0.68,,total,,,,,,,62.9,,,38,lab,
Diaphorina citri,Hemiptera,Liviidae,chung2006,orange jasmin,24,21.7,0.4,,total,,,,,,,76.5,,,32,lab,
Diaphorina citri,Hemiptera,Liviidae,chung2006,orange jasmin,28,15.5,0.15,,total,,,,,,,82.9,,,63,lab,
Diaphorina citri,Hemiptera,Liviidae,chung2006,orange jasmin,32,18,0.38,,total,,,,,,,60,,,39,lab,
Diaphorina citri,Hemiptera,Liviidae,chung2006,mandarin,16,59.9,1.06,,total,,,,,,,37.8,,,15,lab,
Diaphorina citri,Hemiptera,Liviidae,chung2006,mandarin,20,34.7,0.72,,total,,,,,,,42.2,,,53,lab,
Diaphorina citri,Hemiptera,Liviidae,chung2006,mandarin,24,21.1,0.35,,total,,,,,,,53.6,,,39,lab,
Diaphorina citri,Hemiptera,Liviidae,chung2006,mandarin,28,15,0.16,,total,,,,,,,63.3,,,30,lab,
Diaphorina citri,Hemiptera,Liviidae,chung2006,mandarin,32,23.8,1.88,,total,,,,,,,34.4,,,12,lab,
Diaphorina citri,Hemiptera,Liviidae,chung2006,kumquat,16,56.7,1.12,,total,,,,,,,18.2,,,6,lab,
Diaphorina citri,Hemiptera,Liviidae,chung2006,kumquat,20,31.2,0.48,,total,,,,,,,50.7,,,35,lab,
Diaphorina citri,Hemiptera,Liviidae,chung2006,kumquat,24,19.6,0.27,,total,,,,,,,54.8,,,32,lab,
Diaphorina citri,Hemiptera,Liviidae,chung2006,kumquat,28,14.6,0.22,,total,,,,,,,77,,,42,lab,
Diaphorina citri,Hemiptera,Liviidae,chung2006,kumquat,32,17.8,0.43,,total,,,,,,,52.9,,,42,lab,
Diaphorina citri,Hemiptera,Liviidae,milosavljevic2019a,volkamer,15,41.39,0.61,,nymphs_all,,,,,,,,,,90,lab,
Diaphorina citri,Hemiptera,Liviidae,milosavljevic2019a,volkamer,20,29.91,0.33,,nymphs_all,,,,,,,,,,113,lab,
Diaphorina citri,Hemiptera,Liviidae,milosavljevic2019a,volkamer,25,16.76,0.12,,nymphs_all,,,,,,,,,,94,lab,
Diaphorina citri,Hemiptera,Liviidae,milosavljevic2019a,volkamer,30,10.91,0.43,,nymphs_all,,,,,,,,,,34,lab,
Diaphorina citri,Hemiptera,Liviidae,milosavljevic2019a,volkamer,32,10.84,0.25,,nymphs_all,,,,,,,,,,33,lab,
Diaphorina citri,Hemiptera,Liviidae,milosavljevic2019a,volkamer,35,14.95,0.37,,nymphs_all,,,,,,,,,,39,lab,
Diaphorina citri,Hemiptera,Liviidae,milosavljevic2019b,volkamer,15,58.48,1.24,,nymphs_all,,,,,,,,,,59,lab,fluctuating
Diaphorina citri,Hemiptera,Liviidae,milosavljevic2019b,volkamer,20,30.95,0.37,,nymphs_all,,,,,,,,,,65,lab,fluctuating
Diaphorina citri,Hemiptera,Liviidae,milosavljevic2019b,volkamer,25,17.35,0.23,,nymphs_all,,,,,,,,,,82,lab,fluctuating
Diaphorina citri,Hemiptera,Liviidae,milosavljevic2019b,volkamer,30,11.7,0.21,,nymphs_all,,,,,,,,,,94,lab,fluctuating
Diaphorina citri,Hemiptera,Liviidae,milosavljevic2019b,volkamer,32,12.16,0.19,,nymphs_all,,,,,,,,,,56,lab,fluctuating
Diaphorina citri,Hemiptera,Liviidae,milosavljevic2019b,volkamer,35,20.97,0.33,,nymphs_all,,,,,,,,,,35,lab,fluctuating
Diaphorina citri,Hemiptera,Liviidae,nava2007,rangpur lime,18,7.7,0.67,,eggs,,,,,,150,95,,,150,lab,
Diaphorina citri,Hemiptera,Liviidae,nava2007,rangpur lime,20,6.4,0.17,,eggs,,,,,,150,95.2,,,150,lab,
Diaphorina citri,Hemiptera,Liviidae,nava2007,rangpur lime,22,5.9,0.16,,eggs,,,,,,150,88.4,,,150,lab,
Diaphorina citri,Hemiptera,Liviidae,nava2007,rangpur lime,25,4.5,0.11,,eggs,,,,,,150,93.8,,,150,lab,
Diaphorina citri,Hemiptera,Liviidae,nava2007,rangpur lime,28,3.2,0.19,,eggs,,,,,,150,89.8,,,150,lab,
Diaphorina citri,Hemiptera,Liviidae,nava2007,rangpur lime,30,2.9,0.17,,eggs,,,,,,150,90.5,,,150,lab,
Diaphorina citri,Hemiptera,Liviidae,nava2007,rangpur lime,32,2.6,0.23,,eggs,,,,,,150,81.6,,,150,lab,
Diaphorina citri,Hemiptera,Liviidae,nava2007,rangpur lime,18,35.8,0.71,,nymps_all,,,,,,120,70.7,,,120,lab,
Diaphorina citri,Hemiptera,Liviidae,nava2007,rangpur lime,20,24.5,0.34,,nymps_all,,,,,,120,70,,,120,lab,
Diaphorina citri,Hemiptera,Liviidae,nava2007,rangpur lime,22,23.8,0.36,,nymps_all,,,,,,120,72.5,,,120,lab,
Diaphorina citri,Hemiptera,Liviidae,nava2007,rangpur lime,25,12.6,0.26,,nymps_all,,,,,,120,74,,,120,lab,
Diaphorina citri,Hemiptera,Liviidae,nava2007,rangpur lime,28,12.2,0.25,,nymps_all,,,,,,120,77.5,,,120,lab,
Diaphorina citri,Hemiptera,Liviidae,nava2007,rangpur lime,30,9.4,0.41,,nymps_all,,,,,,120,73.8,,,120,lab,
Diaphorina citri,Hemiptera,Liviidae,nava2007,rangpur lime,32,9.4,0.66,,nymps_all,,,,,,120,7,,,120,lab,
Diaphorina citri,Hemiptera,Liviidae,nava2007,rangpur lime,18,43.5,1.31,,total,,,,,,120,67.2,,,120,lab,
Diaphorina citri,Hemiptera,Liviidae,nava2007,rangpur lime,20,30.9,0.52,,total,,,,,,120,66.6,,,120,lab,
Diaphorina citri,Hemiptera,Liviidae,nava2007,rangpur lime,22,29.6,0.66,,total,,,,,,120,64.1,,,120,lab,
Diaphorina citri,Hemiptera,Liviidae,nava2007,rangpur lime,25,17.1,0.29,,total,,,,,,120,69.4,,,120,lab,
Diaphorina citri,Hemiptera,Liviidae,nava2007,rangpur lime,28,15.4,0.16,,total,,,,,,120,69.5,,,120,lab,
Diaphorina citri,Hemiptera,Liviidae,nava2007,rangpur lime,30,12.4,0.24,,total,,,,,,120,66.8,,,120,lab,
Diaphorina citri,Hemiptera,Liviidae,nava2007,rangpur lime,32,12.1,0.37,,total,,,,,,120,5.7,,,120,lab,
Diaphorina citri,Hemiptera,Liviidae,nava2010,orange jasmin,18,8.2,0.13,,eggs,,,,,,,85.1,,,150,lab,
Diaphorina citri,Hemiptera,Liviidae,nava2010,orange jasmin,20,6.9,0.16,,eggs,,,,,,,87.4,,,150,lab,
Diaphorina citri,Hemiptera,Liviidae,nava2010,orange jasmin,22,5.6,0.1,,eggs,,,,,,,87.9,,,150,lab,
Diaphorina citri,Hemiptera,Liviidae,nava2010,orange jasmin,25,4.6,0.12,,eggs,,,,,,,83.4,,,150,lab,
Diaphorina citri,Hemiptera,Liviidae,nava2010,orange jasmin,28,3.6,0.04,,eggs,,,,,,,82.9,,,150,lab,
Diaphorina citri,Hemiptera,Liviidae,nava2010,orange jasmin,30,3,0.05,,eggs,,,,,,,88.6,,,150,lab,
Diaphorina citri,Hemiptera,Liviidae,nava2010,orange jasmin,32,3,0.07,,eggs,,,,,,,32.6,,,150,lab,
Diaphorina citri,Hemiptera,Liviidae,nava2010,rungpur lime,18,7.6,0.13,,eggs,,,,,,,91.3,,,150,lab,
Diaphorina citri,Hemiptera,Liviidae,nava2010,rungpur lime,20,6.3,0.14,,eggs,,,,,,,85.4,,,150,lab,
Diaphorina citri,Hemiptera,Liviidae,nava2010,rungpur lime,22,5.7,0.1,,eggs,,,,,,,83.1,,,150,lab,
Diaphorina citri,Hemiptera,Liviidae,nava2010,rungpur lime,25,4.5,0.12,,eggs,,,,,,,86.5,,,150,lab,
Diaphorina citri,Hemiptera,Liviidae,nava2010,rungpur lime,28,3.5,0.13,,eggs,,,,,,,94.8,,,150,lab,
Diaphorina citri,Hemiptera,Liviidae,nava2010,rungpur lime,30,2.9,0.05,,eggs,,,,,,,87.9,,,150,lab,
Diaphorina citri,Hemiptera,Liviidae,nava2010,rungpur lime,32,2.9,0.06,,eggs,,,,,,,33.7,,,150,lab,
Diaphorina citri,Hemiptera,Liviidae,nava2010,natal orange,18,7.9,0.13,,eggs,,,,,,,85.6,,,150,lab,
Diaphorina citri,Hemiptera,Liviidae,nava2010,natal orange,20,6.5,0.12,,eggs,,,,,,,86.9,,,150,lab,
Diaphorina citri,Hemiptera,Liviidae,nava2010,natal orange,22,5.4,0.13,,eggs,,,,,,,89.9,,,150,lab,
Diaphorina citri,Hemiptera,Liviidae,nava2010,natal orange,25,4.4,0.13,,eggs,,,,,,,83.4,,,150,lab,
Diaphorina citri,Hemiptera,Liviidae,nava2010,natal orange,28,3.7,0.04,,eggs,,,,,,,86,,,150,lab,
Diaphorina citri,Hemiptera,Liviidae,nava2010,natal orange,30,3,0.05,,eggs,,,,,,,89.7,,,150,lab,
Diaphorina citri,Hemiptera,Liviidae,nava2010,natal orange,32,2.6,0.37,,eggs,,,,,,,25.9,,,150,lab,
Diaphorina citri,Hemiptera,Liviidae,nava2010,pera orange,18,8.2,0.08,,eggs,,,,,,,85.1,,,150,lab,
Diaphorina citri,Hemiptera,Liviidae,nava2010,pera orange,20,6.9,0.11,,eggs,,,,,,,88.3,,,150,lab,
Diaphorina citri,Hemiptera,Liviidae,nava2010,pera orange,22,5.7,0.07,,eggs,,,,,,,81.7,,,150,lab,
Diaphorina citri,Hemiptera,Liviidae,nava2010,pera orange,25,4.6,0.18,,eggs,,,,,,,83.4,,,150,lab,
Diaphorina citri,Hemiptera,Liviidae,nava2010,pera orange,28,3.6,0.14,,eggs,,,,,,,79.5,,,150,lab,
Diaphorina citri,Hemiptera,Liviidae,nava2010,pera orange,30,2.9,0.06,,eggs,,,,,,,77.8,,,150,lab,
Diaphorina citri,Hemiptera,Liviidae,nava2010,pera orange,32,3,0.09,,eggs,,,,,,,23.1,,,150,lab,
Diaphorina citri,Hemiptera,Liviidae,nava2010,orange jasmin,18,38,0.57,,nymps_all,,,,,,,75,,,120,lab,
Diaphorina citri,Hemiptera,Liviidae,nava2010,orange jasmin,20,29,1,,nymps_all,,,,,,,70,,,120,lab,
Diaphorina citri,Hemiptera,Liviidae,nava2010,orange jasmin,22,24.3,1.03,,nymps_all,,,,,,,71.3,,,120,lab,
Diaphorina citri,Hemiptera,Liviidae,nava2010,orange jasmin,25,14,0.19,,nymps_all,,,,,,,75.3,,,120,lab,
Diaphorina citri,Hemiptera,Liviidae,nava2010,orange jasmin,28,12.5,0.31,,nymps_all,,,,,,,69,,,120,lab,
Diaphorina citri,Hemiptera,Liviidae,nava2010,orange jasmin,30,12,0.86,,nymps_all,,,,,,,51,,,120,lab,
Diaphorina citri,Hemiptera,Liviidae,nava2010,orange jasmin,32,,,,nymps_all,,,,,,,,,,120,lab,
Diaphorina citri,Hemiptera,Liviidae,nava2010,rungpur lime,18,37,1,,nymps_all,,,,,,,71,,,120,lab,
Diaphorina citri,Hemiptera,Liviidae,nava2010,rungpur lime,20,27.8,1.03,,nymps_all,,,,,,,70,,,120,lab,
Diaphorina citri,Hemiptera,Liviidae,nava2010,rungpur lime,22,22,0.58,,nymps_all,,,,,,,75,,,120,lab,
Diaphorina citri,Hemiptera,Liviidae,nava2010,rungpur lime,25,13.3,0.67,,nymps_all,,,,,,,82.5,,,120,lab,
Diaphorina citri,Hemiptera,Liviidae,nava2010,rungpur lime,28,11,0.58,,nymps_all,,,,,,,76.7,,,120,lab,
Diaphorina citri,Hemiptera,Liviidae,nava2010,rungpur lime,30,10.3,0.33,,nymps_all,,,,,,,43.3,,,120,lab,
Diaphorina citri,Hemiptera,Liviidae,nava2010,rungpur lime,32,,,,nymps_all,,,,,,,,,,120,lab,
Diaphorina citri,Hemiptera,Liviidae,nava2010,natal orange,18,38.8,0.85,,nymps_all,,,,,,,65,,,120,lab,
Diaphorina citri,Hemiptera,Liviidae,nava2010,natal orange,20,25.8,1.6,,nymps_all,,,,,,,74.5,,,120,lab,
Diaphorina citri,Hemiptera,Liviidae,nava2010,natal orange,22,22.5,0.95,,nymps_all,,,,,,,79.8,,,120,lab,
Diaphorina citri,Hemiptera,Liviidae,nava2010,natal orange,25,13.6,0.24,,nymps_all,,,,,,,77,,,120,lab,
Diaphorina citri,Hemiptera,Liviidae,nava2010,natal orange,28,12,0.58,,nymps_all,,,,,,,76.2,,,120,lab,
Diaphorina citri,Hemiptera,Liviidae,nava2010,natal orange,30,10.8,0.25,,nymps_all,,,,,,,49,,,120,lab,
Diaphorina citri,Hemiptera,Liviidae,nava2010,natal orange,32,,,,nymps_all,,,,,,,,,,120,lab,
Diaphorina citri,Hemiptera,Liviidae,nava2010,pera orange,18,37.3,0.62,,nymps_all,,,,,,,78,,,120,lab,
Diaphorina citri,Hemiptera,Liviidae,nava2010,pera orange,20,29.3,2.84,,nymps_all,,,,,,,71.7,,,120,lab,
Diaphorina citri,Hemiptera,Liviidae,nava2010,pera orange,22,23,0.58,,nymps_all,,,,,,,71,,,120,lab,
Diaphorina citri,Hemiptera,Liviidae,nava2010,pera orange,25,13,0.58,,nymps_all,,,,,,,73.8,,,120,lab,
Diaphorina citri,Hemiptera,Liviidae,nava2010,pera orange,28,11.8,0.49,,nymps_all,,,,,,,68.3,,,120,lab,
Diaphorina citri,Hemiptera,Liviidae,nava2010,pera orange,30,11,0.41,,nymps_all,,,,,,,55,,,120,lab,
Diaphorina citri,Hemiptera,Liviidae,nava2010,pera orange,32,,,,nymps_all,,,,,,,,,,120,lab,
,,,,,,,,,,,,,,,,,,,,,
,,,,,,,,,,,,,,,,,,,,,
,,,,,,,,,,,,,,,,,,,,,
